{"focal": 3.99, "dist": [0.24791434146422095, -1.2678109022050914, 0.004571136356473695, -0.0032569282841219136, 2.166710787665343], "K": [1323.2611207175148, 0.0, 596.0290364991852, 0.0, 1320.0147816700708, 789.379720112461, 0.0, 0.0, 1.0]}